  Time                 , V(D2:2)              , V(D1:2)              
  0.000000000000e+00  ,0.000000000000e+00  ,-4.256577729178e-16  
  2.500000000000e-10  ,1.570780177742e-02  ,1.567551770274e-02  
  5.000000000000e-10  ,3.141463462364e-02  ,3.133587531907e-02  
  1.000027090311e-09  ,6.282321945078e-02  ,6.259716062043e-02  
  2.000081270933e-09  ,1.255861353852e-01  ,1.249615466048e-01  
  4.000189632177e-09  ,2.506782881124e-01  ,2.486853669905e-01  
  8.000406354666e-09  ,4.974045041706e-01  ,4.908410691393e-01  
  1.600083979964e-08  ,9.635535872134e-01  ,9.430635380594e-01  
  3.200170668960e-08  ,1.688713307679e+00  ,1.631490300567e+00  
  4.806813868880e-08  ,1.996317707156e+00  ,1.899307838427e+00  
  6.591674956679e-08  ,1.755127310046e+00  ,1.646989423790e+00  
  8.498427543044e-08  ,9.088612065235e-01  ,8.410290436967e-01  
  1.099854436815e-07  ,-6.171640874239e-01  ,-6.198970136328e-01  
  1.342951980531e-07  ,-1.761473355668e+00  ,-1.704207060320e+00  
  1.587420431077e-07  ,-1.925046118410e+00  ,-1.813861021341e+00  
  1.805513826311e-07  ,-1.147367638431e+00  ,-1.067285571177e+00  
  2.023040977418e-07  ,1.446443394496e-01  ,1.680342963579e-01  
  2.273052659929e-07  ,1.512837200615e+00  ,1.473896078476e+00  
  2.523064342439e-07  ,1.994752023541e+00  ,1.890835048275e+00  
  2.705663171709e-07  ,1.596863998209e+00  ,1.494967316464e+00  
  2.896368232667e-07  ,6.396955137885e-01  ,5.838965258102e-01  
  3.146379915178e-07  ,-8.876561824568e-01  ,-8.801250602405e-01  
  3.396391597688e-07  ,-1.894984851968e+00  ,-1.820033045327e+00  
  3.608762947023e-07  ,-1.884380206315e+00  ,-1.775741096600e+00  
  3.836601701677e-07  ,-9.821631049921e-01  ,-9.105583454711e-01  
  4.086613384187e-07  ,5.375171825768e-01  ,5.436630421352e-01  
  4.336625066698e-07  ,1.742299294783e+00  ,1.686839296425e+00  
  4.574835029542e-07  ,1.944981555049e+00  ,1.834585572686e+00  
  4.782736030519e-07  ,1.261555165459e+00  ,1.175821312995e+00  
  4.990875450075e-07  ,5.732338666572e-02  ,2.581404435608e-02  
  5.240887132585e-07  ,-1.373152173995e+00  ,-1.342180113024e+00  
  5.490898815095e-07  ,-1.999182540898e+00  ,-1.901382355534e+00  
  5.664288726747e-07  ,-1.739472925183e+00  ,-1.631923388157e+00  
  5.865901437700e-07  ,-8.178633266720e-01  ,-7.542637704400e-01  
  6.115913120210e-07  ,7.123136976987e-01  ,7.109207084349e-01  
  6.355792013109e-07  ,1.798238887473e+00  ,1.737585507681e+00  
  6.597190824449e-07  ,1.907493214864e+00  ,1.795924470828e+00  
  6.847202506959e-07  ,9.236071028546e-01  ,8.547053118991e-01  
  7.073491540849e-07  ,-4.576694670946e-01  ,-4.669420664583e-01  
  7.323503223360e-07  ,-1.700347643081e+00  ,-1.647846979245e+00  
  7.564633813798e-07  ,-1.958910901405e+00  ,-1.849432862811e+00  
  7.768004861772e-07  ,-1.332000948140e+00  ,-1.242907860951e+00  
  7.972597804964e-07  ,-1.719604887022e-01  ,-1.358458572703e-01  
  8.222609487474e-07  ,1.287438252263e+00  ,1.258496298400e+00  
  8.447378602922e-07  ,1.972733135665e+00  ,1.888718798026e+00  
  8.677839961946e-07  ,1.695889112728e+00  ,1.588963046706e+00  
  8.894026008546e-07  ,6.536216182122e-01  ,5.964478833976e-01  
  9.144037691057e-07  ,-8.744445242288e-01  ,-8.658016011097e-01  
  9.394049373567e-07  ,-1.890227535895e+00  ,-1.816070274277e+00  
  9.622484174669e-07  ,-1.853750517869e+00  ,-1.742274332706e+00  
  9.852021661699e-07  ,-8.966447742924e-01  ,-8.291349946994e-01  
  1.010203334421e-06  ,6.301718789421e-01  ,6.323413629770e-01  
  1.035204502672e-06  ,1.787809683061e+00  ,1.728410857520e+00  
  1.059141728014e-06  ,1.918083916650e+00  ,1.806702319720e+00  
  1.081112000078e-06  ,1.118339500251e+00  ,1.039587469619e+00  
  1.103004786104e-06  ,-1.885160096843e-01  ,-2.089097371491e-01  
  1.128005954355e-06  ,-1.541264933665e+00  ,-1.499777041909e+00  
  1.153007122606e-06  ,-1.991081763391e+00  ,-1.886111604179e+00  
  1.171770664781e-06  ,-1.550171406982e+00  ,-1.450634444092e+00  
  1.191183897585e-06  ,-5.468771274386e-01  ,-4.951607609610e-01  
  1.216185065836e-06  ,9.736807260729e-01  ,9.622915755214e-01  
  1.241186234087e-06  ,1.923819076795e+00  ,1.844849562996e+00  
  1.261496516794e-06  ,1.870965410651e+00  ,1.761921936694e+00  
  1.283782693475e-06  ,9.754496938392e-01  ,9.042161688921e-01  
  1.308783861727e-06  ,-5.449283071378e-01  ,-5.507576158003e-01  
  1.333785029978e-06  ,-1.746066411822e+00  ,-1.690299488245e+00  
  1.357668611139e-06  ,-1.942239413417e+00  ,-1.831704402499e+00  
  1.378583880991e-06  ,-1.246367796653e+00  ,-1.161383635323e+00  
  1.399511071771e-06  ,-3.071905864631e-02  ,-2.910762724738e-04  
  1.424512240022e-06  ,1.392377774844e+00  ,1.360350805579e+00  
  1.449513408273e-06  ,1.999766320439e+00  ,1.901091909422e+00  
  1.466950747102e-06  ,1.723057298012e+00  ,1.616065782802e+00  
  1.486930224031e-06  ,7.983174467527e-01  ,7.356383760138e-01  
  1.511931392282e-06  ,-7.322393642736e-01  ,-7.299736658312e-01  
  1.535743447870e-06  ,-1.802731989978e+00  ,-1.741605684285e+00  
  1.559928032488e-06  ,-1.903505498968e+00  ,-1.791883063809e+00  
  1.584929200739e-06  ,-9.119423471323e-01  ,-8.435942372362e-01  
  1.607772680849e-06  ,4.835330482860e-01  ,4.917222195467e-01  
  1.632773849100e-06  ,1.714207453200e+00  ,1.660641485772e+00  
  1.656815382570e-06  ,1.954331110783e+00  ,1.844520981492e+00  
  1.677352162927e-06  ,1.305945379827e+00  ,1.218125772220e+00  
  1.697972389787e-06  ,1.273123691849e-01  ,9.300079430937e-02  
  1.722973558038e-06  ,-1.321377041834e+00  ,-1.293168125140e+00  
  1.747974726290e-06  ,-1.995953116707e+00  ,-1.900541813217e+00  
  1.765492531389e-06  ,-1.767750795387e+00  ,-1.659405743584e+00  
  1.785936924547e-06  ,-8.551428720637e-01  ,-7.897847632362e-01  
  1.810938092798e-06  ,6.738147759795e-01  ,6.740988003795e-01  
  1.835337254137e-06  ,1.791533043364e+00  ,1.731625488432e+00  
  1.859360906214e-06  ,1.914137542175e+00  ,1.802680572426e+00  
  1.881614300340e-06  ,1.092036050125e+00  ,1.014583697801e+00  
  1.903781267732e-06  ,-2.370256729786e-01  ,-2.554328870488e-01  
  1.928782435983e-06  ,-1.571894767573e+00  ,-1.528439529900e+00  
  1.953729960054e-06  ,-1.986284517138e+00  ,-1.880206794618e+00  
  1.972785564989e-06  ,-1.509098115502e+00  ,-1.411480674309e+00  
  1.992365690798e-06  ,-4.750922758714e-01  ,-4.264318936269e-01  
  2.017366859049e-06  ,1.037855253872e+00  ,1.021596378309e+00  
  2.042368027300e-06  ,1.942787381823e+00  ,1.861011287260e+00  
  2.065369459718e-06  ,1.771354387190e+00  ,1.665190316265e+00  
  2.086105915636e-06  ,8.455323685494e-01  ,7.806424316176e-01  
  2.111107083887e-06  ,-6.838025032713e-01  ,-6.836479701677e-01  
  2.136108252138e-06  ,-1.812539649906e+00  ,-1.750864786685e+00  
  2.159407707781e-06  ,-1.913283099912e+00  ,-1.801819734668e+00  
  2.181547853082e-06  ,-1.095531375929e+00  ,-1.017836752054e+00  
  2.203589650720e-06  ,2.250666477478e-01  ,2.439602018973e-01  
  2.228590818971e-06  ,1.564422294062e+00  ,1.521445544341e+00  
  2.253520461649e-06  ,1.987780421013e+00  ,1.882013205135e+00  
  2.272486659616e-06  ,1.521356165647e+00  ,1.423156278119e+00  
  2.292010161012e-06  ,4.967613713769e-01  ,4.471810487931e-01  
  2.317011329263e-06  ,-1.018695476417e+00  ,-1.003352405562e+00  
  2.342012497514e-06  ,-1.937361454687e+00  ,-1.856484519531e+00  
  2.365070554346e-06  ,-1.779996105249e+00  ,-1.673649563283e+00  
  2.385956021875e-06  ,-8.540580121970e-01  ,-7.887532245114e-01  
  2.410957190126e-06  ,6.749444251557e-01  ,6.751746940592e-01  
  2.435958358377e-06  ,1.808538539124e+00  ,1.747243270913e+00  
  2.459263774484e-06  ,1.915897639289e+00  ,1.804487487916e+00  
  2.481287690729e-06  ,1.109170619226e+00  ,1.030821185433e+00  
  2.503219219774e-06  ,-2.019249098331e-01  ,-2.217676383899e-01  
  2.528220388025e-06  ,-1.549816135981e+00  ,-1.507777794351e+00  
  2.553221556276e-06  ,-1.989765645683e+00  ,-1.884460708230e+00  
  2.572074505419e-06  ,-1.538038285352e+00  ,-1.439064907721e+00  
  2.591538402170e-06  ,-5.254183556079e-01  ,-4.746194582712e-01  
  2.616539570421e-06  ,9.930762342873e-01  ,9.808084643290e-01  
  2.641540738672e-06  ,1.929788689007e+00  ,1.849907238321e+00  
  2.661657306284e-06  ,1.867371539277e+00  ,1.758256357119e+00  
  2.683830234140e-06  ,9.728409041978e-01  ,9.017443311069e-01  
  2.708831402391e-06  ,-5.478017534271e-01  ,-5.535085810534e-01  
  2.733832570642e-06  ,-1.747521139748e+00  ,-1.691634091462e+00  
  2.757725092500e-06  ,-1.941389631361e+00  ,-1.830813703003e+00  
  2.778679105371e-06  ,-1.241682972561e+00  ,-1.156929135301e+00  
  2.799639078707e-06  ,-2.267686776544e-02  ,7.428127798371e-03  
  2.824640246958e-06  ,1.398140175030e+00  ,1.365796237967e+00  
  2.849641415209e-06  ,1.999873094956e+00  ,1.900937954652e+00  
  2.867111536592e-06  ,1.717906104873e+00  ,1.611096081367e+00  
  2.887037369341e-06  ,7.921403603694e-01  ,7.297512069040e-01  
  2.912038537592e-06  ,-7.384999151334e-01  ,-7.359592881481e-01  
  2.935796948999e-06  ,-1.804185200309e+00  ,-1.742905995628e+00  
  2.959993454546e-06  ,-1.902240079637e+00  ,-1.790602759462e+00  
  2.984994622797e-06  ,-9.082820216683e-01  ,-8.401073474175e-01  
  3.007906648248e-06  ,4.916964542988e-01  ,4.995478324943e-01  
  3.032907816499e-06  ,1.718528440595e+00  ,1.664629756433e+00  
  3.056925508112e-06  ,1.952849189613e+00  ,1.842939925094e+00  
  3.077524873346e-06  ,1.297707308555e+00  ,1.210289071131e+00  
  3.098195764154e-06  ,1.133027885826e-01  ,7.955746363084e-02  
  3.123196932405e-06  ,-1.331879954000e+00  ,-1.303118007476e+00  
  3.148198100656e-06  ,-1.996796351782e+00  ,-1.900896961817e+00  
  3.165656301111e-06  ,-1.762914576872e+00  ,-1.654689736562e+00  
  3.186053010553e-06  ,-8.485436497673e-01  ,-7.834974121941e-01  
  3.211054178804e-06  ,6.806777612542e-01  ,6.806636946256e-01  
  3.235369893640e-06  ,1.792443733125e+00  ,1.732426623242e+00  
  3.259417387575e-06  ,1.913105862529e+00  ,1.801629776228e+00  
  3.281733366579e-06  ,1.085760914227e+00  ,1.008615045763e+00  
  3.303959938616e-06  ,-2.481689865705e-01  ,-2.661194852720e-01  
  3.328961106867e-06  ,-1.578811067551e+00  ,-1.534899885751e+00  
  3.353860947222e-06  ,-1.985305495520e+00  ,-1.879033025833e+00  
  3.372964235872e-06  ,-1.501707243386e+00  ,-1.404434703326e+00  
  3.392568203539e-06  ,-4.627227091099e-01  ,-4.145843159224e-01  
  3.417569371790e-06  ,1.048711097003e+00  ,1.031930322356e+00  
  3.442570540041e-06  ,1.945769732176e+00  ,1.863483528763e+00  
  3.465545150369e-06  ,1.766202021134e+00  ,1.656751137291e+00  
  3.486564728349e-06  ,8.193203390232e-01  ,7.551216289631e-01  
  3.511565896600e-06  ,-7.108212875198e-01  ,-7.095015664610e-01  
  3.536567064852e-06  ,-1.824536549094e+00  ,-1.757829863606e+00  
  3.560411902994e-06  ,-1.893956447952e+00  ,-1.782470548214e+00  
  3.584954115480e-06  ,-9.105488354179e-01  ,-8.422672147682e-01  
  3.609955283731e-06  ,6.153612856696e-01  ,6.181630827061e-01  
  3.634956451982e-06  ,1.780769171057e+00  ,1.721985888978e+00  
  3.658837052912e-06  ,1.923418579508e+00  ,1.812177063974e+00  
  3.680580827326e-06  ,1.145851802583e+00  ,1.065772599327e+00  
  3.702256056398e-06  ,-1.416335537493e-01  ,-1.639502716403e-01  
  3.727257224649e-06  ,-1.510861096765e+00  ,-1.471270428894e+00  
  3.752258392900e-06  ,-1.994968278945e+00  ,-1.891224370249e+00  
  3.770732852548e-06  ,-1.590542119353e+00  ,-1.489159173169e+00  
  3.790000053972e-06  ,-6.180307635633e-01  ,-5.632432248291e-01  
  3.815001222223e-06  ,9.080494232446e-01  ,8.978958500999e-01  
  3.840002390474e-06  ,1.902159440935e+00  ,1.826440304616e+00  
  3.863400193781e-06  ,1.825378199226e+00  ,1.714390898706e+00  
  3.885671469301e-06  ,8.701905100736e-01  ,8.036626974920e-01  
  3.910672637552e-06  ,-6.580875758340e-01  ,-6.590584938960e-01  
  3.935673805803e-06  ,-1.800832727026e+00  ,-1.736491617028e+00  
  3.959697457880e-06  ,-1.907901219262e+00  ,-1.796597255694e+00  
  3.984698626131e-06  ,-9.248120425864e-01  ,-8.558205709720e-01  
  4.009354087442e-06  ,5.793118338534e-01  ,5.836275055854e-01  
  4.034355255693e-06  ,1.763257388109e+00  ,1.705948768024e+00  
  4.058304401964e-06  ,1.932321338802e+00  ,1.821370592718e+00  
  4.079687568277e-06  ,1.191395163240e+00  ,1.109123812780e+00  
  4.101034971803e-06  ,-6.501773875719e-02  ,-9.160014592852e-02  
  4.126036140054e-06  ,-1.459490747823e+00  ,-1.423688049408e+00  
  4.151037308305e-06  ,-1.998938116137e+00  ,-1.897281892427e+00  
  4.168888899416e-06  ,-1.658074775248e+00  ,-1.553573440713e+00  
  4.188263389200e-06  ,-7.208369895648e-01  ,-6.614766896532e-01  
  4.213264557451e-06  ,8.095236716723e-01  ,8.054304438962e-01  
  4.236796471208e-06  ,1.830393001369e+00  ,1.767706895545e+00  
  4.261797639459e-06  ,1.864195951438e+00  ,1.752337623848e+00  
  4.286798807710e-06  ,8.058814350239e-01  ,7.425183761382e-01  
  4.310917827219e-06  ,-6.726157569302e-01  ,-6.728578756275e-01  
  4.335918995470e-06  ,-1.807481173612e+00  ,-1.746087655320e+00  
  4.359376403421e-06  ,-1.913855072431e+00  ,-1.802407144724e+00  
  4.381594034761e-06  ,-1.093102585657e+00  ,-1.015568040952e+00  
  4.403719278902e-06  ,2.331578019067e-01  ,2.517225334822e-01  
  4.428720447153e-06  ,1.569483614114e+00  ,1.526189969749e+00  
  4.453656050295e-06  ,1.986822089103e+00  ,1.880851904832e+00  
  4.472678872675e-06  ,1.513488874687e+00  ,1.415659367326e+00  
  4.492235156626e-06  ,4.830551991902e-01  ,4.340564031456e-01  
  4.517236324877e-06  ,-1.030835581132e+00  ,-1.014913031569e+00  
  4.542237493128e-06  ,-1.940823353105e+00  ,-1.859376841963e+00  
  4.565259787172e-06  ,-1.774543335807e+00  ,-1.668310294937e+00  
  4.586049887270e-06  ,-8.487213493711e-01  ,-7.836765770003e-01  
  4.611051055521e-06  ,6.804932313643e-01  ,6.804825457004e-01  
  4.636052223772e-06  ,1.811048785283e+00  ,1.749515795163e+00  
  4.659354659647e-06  ,1.914251270916e+00  ,1.802806964983e+00  
  4.681450101465e-06  ,1.100664723556e+00  ,1.022723868432e+00  
  4.703450175852e-06  ,-2.163567165144e-01  ,-2.356075262396e-01  
  4.728451344103e-06  ,-1.558947537468e+00  ,-1.516324081160e+00  
  4.753422710031e-06  ,-1.988448949808e+00  ,-1.882832938114e+00  
  4.772356125444e-06  ,-1.526667324793e+00  ,-1.428223425428e+00  
  4.791864725679e-06  ,-5.056077657759e-01  ,-4.556526817937e-01  
  4.816865893930e-06  ,1.010821090831e+00  ,9.977444711708e-01  
  4.841867062181e-06  ,1.935072194915e+00  ,1.854354842337e+00  
  4.861807796091e-06  ,1.863964711014e+00  ,1.754790683652e+00  
  4.883882376283e-06  ,9.699771137674e-01  ,8.990305801533e-01  
  4.908883544534e-06  ,-5.509519163274e-01  ,-5.565245655739e-01  
  4.933884712785e-06  ,-1.749112188906e+00  ,-1.693093199041e+00  
  4.957783195108e-06  ,-1.940509078854e+00  ,-1.829891772108e+00  
  4.978775950998e-06  ,-1.236906989297e+00  ,-1.152387583598e+00  
  4.999768706888e-06  ,-1.453244694895e-02  ,1.524571891899e-02  
  5.024769875139e-06  ,1.403952515126e+00  ,1.371287373129e+00  
  5.049771043390e-06  ,1.999948262642e+00  ,1.900750939164e+00  
  5.067273947328e-06  ,1.712658473066e+00  ,1.606036444001e+00  
  5.087143155664e-06  ,7.860328160136e-01  ,7.237597041832e-01  
  5.112144323915e-06  ,-7.446728511153e-01  ,-7.418628634835e-01  
  5.135780545801e-06  ,-1.803740194354e+00  ,-1.742445381541e+00  
  5.159914466470e-06  ,-1.903766891860e+00  ,-1.792154026154e+00  
  5.184915634722e-06  ,-9.127008760550e-01  ,-8.443161583169e-01  
  5.207785936922e-06  ,4.843412014200e-01  ,4.924986081568e-01  
  5.232787105173e-06  ,1.714636369734e+00  ,1.661040562689e+00  
  5.256831618875e-06  ,1.954114094218e+00  ,1.844289096805e+00  
  5.277377339929e-06  ,1.304746856325e+00  ,1.216985658101e+00  
  5.298003527254e-06  ,1.253598517160e-01  ,9.112728098462e-02  
  5.323004695505e-06  ,-1.322845019480e+00  ,-1.294558914117e+00  
  5.348005863756e-06  ,-1.996076556940e+00  ,-1.900596958188e+00  
  5.365514728159e-06  ,-1.767098049905e+00  ,-1.658768803379e+00  
  5.385953160852e-06  ,-8.542205576076e-01  ,-7.889060115203e-01  
  5.410954329103e-06  ,6.747752047856e-01  ,6.750175322364e-01  
  5.435341569513e-06  ,1.791653556739e+00  ,1.731731224909e+00  
  5.459368201822e-06  ,1.914004620627e+00  ,1.802545171350e+00  
  5.481630536646e-06  ,1.091181247552e+00  ,1.013770696428e+00  
  5.503803464502e-06  ,-2.384104505423e-01  ,-2.567608039991e-01  
  5.528804632753e-06  ,-1.572756696951e+00  ,-1.529245235601e+00  
  5.553746196359e-06  ,-1.986164989967e+00  ,-1.880062949005e+00  
  5.572807761759e-06  ,-1.508182509162e+00  ,-1.410607696117e+00  
  5.592390867800e-06  ,-4.735554901375e-01  ,-4.249599817699e-01  
  5.617392036051e-06  ,1.039207181077e+00  ,1.022883430460e+00  
  5.642393204302e-06  ,1.943162439706e+00  ,1.861322842807e+00  
  5.665391656488e-06  ,1.770706411856e+00  ,1.664556999895e+00  
  5.686116191477e-06  ,8.449472113173e-01  ,7.800858908843e-01  
  5.711117359728e-06  ,-6.844092082128e-01  ,-6.842283099592e-01  
  5.736118527979e-06  ,-1.812812471540e+00  ,-1.751111626049e+00  
  5.759417983621e-06  ,-1.913094943114e+00  ,-1.801627928473e+00  
  5.781564089388e-06  ,-1.094677737551e+00  ,-1.017024033783e+00  
  5.803614827722e-06  ,2.266384464500e-01  ,2.454676301802e-01  
  5.828615995973e-06  ,1.565407360544e+00  ,1.522367042282e+00  
  5.853539678186e-06  ,1.987646792976e+00  ,1.881850215831e+00  
  5.872514816850e-06  ,1.520207149701e+00  ,1.422060766054e+00  
  5.892041298479e-06  ,4.948660187520e-01  ,4.453660781730e-01  
  5.917042466730e-06  ,-1.020378611162e+00  ,-1.004955371319e+00  
  5.942043634981e-06  ,-1.937846326683e+00  ,-1.856890454941e+00  
  5.965095731348e-06  ,-1.779274250496e+00  ,-1.672941991634e+00  
  5.985966297716e-06  ,-8.534741463814e-01  ,-7.881982815988e-01  
  6.010967465967e-06  ,6.755521633440e-01  ,6.757560882527e-01  
  6.035968634218e-06  ,1.808814113352e+00  ,1.747492874290e+00  
  6.059274050325e-06  ,1.915712277182e+00  ,1.804298157655e+00  
  6.081306907266e-06  ,1.108165698306e+00  ,1.029864586590e+00  
  6.103247377008e-06  ,-2.036849617560e-01  ,-2.234555468615e-01  
  6.128248545259e-06  ,-1.550933776517e+00  ,-1.508824185822e+00  
  6.153249713510e-06  ,-1.989586118152e+00  ,-1.884237619493e+00  
  6.172114583582e-06  ,-1.536427377783e+00  ,-1.437529440106e+00  
  6.191584440798e-06  ,-5.226267203625e-01  ,-4.719470908511e-01  
  6.216585609049e-06  ,9.955860947535e-01  ,9.832041625519e-01  
  6.241586777300e-06  ,1.930546402198e+00  ,1.850546815530e+00  
  6.261679503053e-06  ,1.866871665256e+00  ,1.757748137885e+00  
  6.283837529749e-06  ,9.724403661383e-01  ,9.013645526783e-01  
  6.308838698000e-06  ,-5.482426056005e-01  ,-5.539306483355e-01  
  6.333839866251e-06  ,-1.747744037929e+00  ,-1.691838526689e+00  
  6.357732388109e-06  ,-1.941279420528e+00  ,-1.830698265536e+00  
  6.378692361444e-06  ,-1.241029921661e+00  ,-1.156308116233e+00  
  6.399655315012e-06  ,-2.165677329287e-02  ,8.407248198805e-03  
  6.424656483263e-06  ,1.398869459698e+00  ,1.366485272618e+00  
  6.449657651514e-06  ,1.999884326898e+00  ,1.900916249969e+00  
  6.467130753130e-06  ,1.717287531980e+00  ,1.610499333939e+00  
  6.487047645181e-06  ,7.915474700970e-01  ,7.291863690855e-01  
  6.512048813432e-06  ,-7.390998987402e-01  ,-7.365329262274e-01  
  6.535801264375e-06  ,-1.804302193498e+00  ,-1.743010199209e+00  
  6.560000750154e-06  ,-1.902098466984e+00  ,-1.790459522480e+00  
  6.585001918405e-06  ,-9.078735986132e-01  ,-8.397182760594e-01  
  6.607922884554e-06  ,4.926852371149e-01  ,5.004957423751e-01  
  6.632924052805e-06  ,1.719050060046e+00  ,1.665111162152e+00  
  6.656938764185e-06  ,1.952669230717e+00  ,1.842748189963e+00  
  6.677544089884e-06  ,1.296788337392e+00  ,1.209414740395e+00  
  6.698220941156e-06  ,1.117233761461e-01  ,7.803805117886e-02  
  6.723222109407e-06  ,-1.333059656275e+00  ,-1.304235794197e+00  
  6.748223277658e-06  ,-1.996885229069e+00  ,-1.900931071931e+00  
  6.765672537416e-06  ,-1.762432564317e+00  ,-1.654219311406e+00  
  6.786066266626e-06  ,-8.477893529177e-01  ,-7.827785625755e-01  
  6.811067434877e-06  ,6.814608838619e-01  ,6.814127728865e-01  
  6.835374209017e-06  ,1.792563997378e+00  ,1.732533040967e+00  
  6.859424683183e-06  ,1.912972162752e+00  ,1.801493618077e+00  
  6.881746622652e-06  ,1.085061339310e+00  ,1.007949591877e+00  
  6.903982135385e-06  ,-2.495528118474e-01  ,-2.674467048938e-01  
  6.928983303636e-06  ,-1.579666828982e+00  ,-1.535699897676e+00  
  6.953877183527e-06  ,-1.985181800256e+00  ,-1.878885329116e+00  
  6.972986432642e-06  ,-1.500785746377e+00  ,-1.403556168573e+00  
  6.992593380541e-06  ,-4.611835676110e-01  ,-4.131099895955e-01  
  7.017594548792e-06  ,1.050057770808e+00  ,1.033212091018e+00  
  7.042595717043e-06  ,1.946135005136e+00  ,1.863785494590e+00  
  7.065567347139e-06  ,1.765547239161e+00  ,1.656117290500e+00  
  7.086575004190e-06  ,8.187313096361e-01  ,7.545596511411e-01  
  7.111576172441e-06  ,-7.114247462594e-01  ,-7.100783520096e-01  
  7.136577340692e-06  ,-1.824800907918e+00  ,-1.758067076710e+00  
  7.160422178835e-06  ,-1.893748903337e+00  ,-1.782261506945e+00  
  7.184955450624e-06  ,-9.104741434367e-01  ,-8.421966573819e-01  
  7.209956618875e-06  ,6.154411051926e-01  ,6.182394869368e-01  
  7.234957787126e-06  ,1.780807356785e+00  ,1.722021360946e+00  
  7.258838388056e-06  ,1.923395586066e+00  ,1.812153388836e+00  
  7.280582162470e-06  ,1.145783045079e+00  ,1.065707051231e+00  
  7.302260371774e-06  ,-1.419040147869e-01  ,-1.642097645910e-01  
  7.327261540025e-06  ,-1.511038743621e+00  ,-1.471437350014e+00  
  7.352262708277e-06  ,-1.994949039280e+00  ,-1.891197803044e+00  
  7.370737167925e-06  ,-1.590377723149e+00  ,-1.489001941791e+00  
  7.390004369348e-06  ,-6.177728853417e-01  ,-5.629965034899e-01  
  7.415005537599e-06  ,9.082910004327e-01  ,8.981263225698e-01  
  7.440006705850e-06  ,1.902243191910e+00  ,1.826512864996e+00  
  7.463404509157e-06  ,1.825267378573e+00  ,1.714282252809e+00  
  7.485672804445e-06  ,8.701149764421e-01  ,8.035906303201e-01  
  7.510673972696e-06  ,-6.581667934099e-01  ,-6.591342638940e-01  
  7.535675140947e-06  ,-1.800869219853e+00  ,-1.736524572262e+00  
  7.559698793024e-06  ,-1.907876053755e+00  ,-1.796571685616e+00  
  7.584699961275e-06  ,-9.247376595471e-01  ,-8.557497325684e-01  
  7.609355422586e-06  ,5.793921266423e-01  ,5.837043755127e-01  
  7.634356590837e-06  ,1.763296977713e+00  ,1.705984953016e+00  
  7.658305737108e-06  ,1.932299698542e+00  ,1.821348156630e+00  
  7.679688903421e-06  ,1.191327781347e+00  ,1.109059630175e+00  
  7.701036306947e-06  ,-6.510158393385e-02  ,-9.168062125867e-02  
  7.726037475198e-06  ,-1.459548103436e+00  ,-1.423742051695e+00  
  7.751038643450e-06  ,-1.998935381068e+00  ,-1.897276673282e+00  
  7.768890234560e-06  ,-1.658027863312e+00  ,-1.553528426383e+00  
  7.788261744112e-06  ,-7.209334055252e-01  ,-6.615688637866e-01  
  7.813262912363e-06  ,8.094291523156e-01  ,8.053398567201e-01  
  7.836791845888e-06  ,1.830275860917e+00  ,1.767600260046e+00  
  7.861793014139e-06  ,1.864301195213e+00  ,1.752442328600e+00  
  7.886794182390e-06  ,8.061474071885e-01  ,7.427720172978e-01  
  7.910907241434e-06  ,-6.719893373712e-01  ,-6.722580058848e-01  
  7.935908409685e-06  ,-1.807196346815e+00  ,-1.745828709927e+00  
  7.959368797868e-06  ,-1.913993756581e+00  ,-1.802548565260e+00  
  7.981583448976e-06  ,-1.093659517487e+00  ,-1.016098651594e+00  
  8.003702732652e-06  ,2.321252277385e-01  ,2.507322356495e-01  
  8.028703900903e-06  ,1.568839014791e+00  ,1.525587164292e+00  
  8.053642484277e-06  ,1.986919596149e+00  ,1.880969768503e+00  
  8.072659346193e-06  ,1.514290617899e+00  ,1.416423508235e+00  
  8.092212649912e-06  ,4.844273498079e-01  ,4.353704470589e-01  
  8.117213818163e-06  ,-1.029623493044e+00  ,-1.013758922449e+00  
  8.142214986414e-06  ,-1.940481415223e+00  ,-1.859091798537e+00  
  8.165240260690e-06  ,-1.775108899173e+00  ,-1.668863580388e+00  
  8.186039301485e-06  ,-8.493235681528e-01  ,-7.842496575710e-01  
  8.211040469736e-06  ,6.798677530920e-01  ,6.798842544687e-01  
  8.236041637987e-06  ,1.810766476675e+00  ,1.749260313320e+00  
  8.259344073862e-06  ,1.914443833742e+00  ,1.803003428733e+00  
  8.281433555216e-06  ,1.101532610653e+00  ,1.023550098962e+00  
  8.303427669138e-06  ,-2.149508228789e-01  ,-2.342593491494e-01  
  8.328428837389e-06  ,-1.558061282158e+00  ,-1.515494951743e+00  
  8.353409144014e-06  ,-1.988540246865e+00  ,-1.882945617145e+00  
  8.372336598963e-06  ,-1.527459610650e+00  ,-1.428979601104e+00  
  8.391842218965e-06  ,-5.069758431184e-01  ,-4.569628419589e-01  
  8.416843387216e-06  ,1.009600607796e+00  ,9.965797354182e-01  
  8.441844555467e-06  ,1.934714311946e+00  ,1.854054505659e+00  
  8.461797210306e-06  ,1.864205717981e+00  ,1.755035498415e+00  
  8.483877750963e-06  ,9.702312544461e-01  ,8.992704025948e-01  
  8.508878919214e-06  ,-5.506725376400e-01  ,-5.562570484363e-01  
  8.533880087465e-06  ,-1.748971242957e+00  ,-1.692963929933e+00  
  8.557778569788e-06  ,-1.940579413082e+00  ,-1.829965373706e+00  
  8.578768345445e-06  ,-1.237282475219e+00  ,-1.152744683704e+00  
  8.599758121103e-06  ,-1.519755305607e-02  ,1.460726601991e-02  
  8.624759289354e-06  ,1.403478735611e+00  ,1.370839777607e+00  
  8.649760457605e-06  ,1.999943367926e+00  ,1.900767391136e+00  
  8.667260381311e-06  ,1.713098511322e+00  ,1.606460569872e+00  
  8.687135550112e-06  ,7.864722109598e-01  ,7.241793574196e-01  
  8.712136718363e-06  ,-7.442293188537e-01  ,-7.414388857859e-01  
  8.735775920480e-06  ,-1.803614626443e+00  ,-1.742332664777e+00  
  8.759909841150e-06  ,-1.903855934468e+00  ,-1.792244168614e+00  
  8.784911009401e-06  ,-9.129594578672e-01  ,-8.445624835347e-01  
  8.807775351137e-06  ,4.836958484727e-01  ,4.918799004653e-01  
  8.832776519388e-06  ,1.714293877568e+00  ,1.660724278080e+00  
  8.856821033090e-06  ,1.954255642879e+00  ,1.844440217790e+00  
  8.877360793680e-06  ,1.305534614333e+00  ,1.217734822251e+00  
  8.897981020540e-06  ,1.267711781514e-01  ,9.248150133514e-02  
  8.922982188791e-06  ,-1.321784065885e+00  ,-1.293553623102e+00  
  8.947983357042e-06  ,-1.995987523481e+00  ,-1.900557297143e+00  
  8.965498181909e-06  ,-1.767584710791e+00  ,-1.659243557738e+00  
  8.985942575067e-06  ,-8.548219156100e-01  ,-7.894788379885e-01  
  9.010943743318e-06  ,6.741490420304e-01  ,6.744185457045e-01  
  9.035339924425e-06  ,1.791607619060e+00  ,1.731692289891e+00  
  9.059363576502e-06  ,1.914088902817e+00  ,1.802631010471e+00  
  9.081619950861e-06  ,1.091738595990e+00  ,1.014300665488e+00  
  9.103789898485e-06  ,-2.375641286854e-01  ,-2.559492841496e-01  
  9.128791066736e-06  ,-1.572230001743e+00  ,-1.528752981742e+00  
  9.153735610574e-06  ,-1.986242978205e+00  ,-1.880156700292e+00  
  9.172794195741e-06  ,-1.508742188176e+00  ,-1.411141285868e+00  
  9.192374321550e-06  ,-4.745654944969e-01  ,-4.259273503621e-01  
  9.217375489801e-06  ,1.038318771798e+00  ,1.022037666452e+00  
  9.242376658052e-06  ,1.942916089727e+00  ,1.861118220338e+00  
  9.265378090471e-06  ,1.771102537778e+00  ,1.664944539282e+00  
  9.286108585924e-06  ,8.453803176005e-01  ,7.804981186956e-01  
  9.311109754175e-06  ,-6.839601689521e-01  ,-6.837988071364e-01  
  9.336110922426e-06  ,-1.812610563718e+00  ,-1.750928992092e+00  
  9.359410378069e-06  ,-1.913234224513e+00  ,-1.801769906539e+00  
  9.381550523371e-06  ,-1.095391002704e+00  ,-1.017703085429e+00  
  9.403595301241e-06  ,2.254194216783e-01  ,2.442986008283e-01  
  9.428596469492e-06  ,1.564643459526e+00  ,1.521652581960e+00  
  9.453526112169e-06  ,1.987741203593e+00  ,1.881965484902e+00  
  9.472495290369e-06  ,1.521004095878e+00  ,1.422820852942e+00  
  9.492021771997e-06  ,4.960546606037e-01  ,4.465043493915e-01  
  9.517022940248e-06  ,-1.019323221887e+00  ,-1.003950231898e+00  
  9.542024108499e-06  ,-1.937542477489e+00  ,-1.856636110352e+00  
  9.565079185098e-06  ,-1.779748776669e+00  ,-1.673406804588e+00  
  9.585958692163e-06  ,-8.539062969219e-01  ,-7.886092355897e-01  
  9.610959860414e-06  ,6.751023592484e-01  ,6.753257980489e-01  
  9.635961028665e-06  ,1.808610168188e+00  ,1.747308178511e+00  
  9.659269425005e-06  ,1.915795736342e+00  ,1.804383271468e+00  
  9.681299301714e-06  ,1.108563475865e+00  ,1.030243400268e+00  
  9.703236791223e-06  ,-2.030232843136e-01  ,-2.228210149410e-01  
  9.728237959474e-06  ,-1.550513738987e+00  ,-1.508431006618e+00  
  9.753239127725e-06  ,-1.989653794625e+00  ,-1.884321649390e+00  
  9.772101017565e-06  ,-1.536972925090e+00  ,-1.438049551112e+00  
  9.791567894548e-06  ,-5.236301582043e-01  ,-4.729077085432e-01  
  9.816569062799e-06  ,9.946842921985e-01  ,9.823433362363e-01  
  9.841570231050e-06  ,1.930274545444e+00  ,1.850317412080e+00  
  9.861671897501e-06  ,1.867043045498e+00  ,1.757922639405e+00  
  9.883835884660e-06  ,9.725306880042e-01  ,9.014499461625e-01  
  9.908837052912e-06  ,-5.481432002729e-01  ,-5.538354896207e-01  
  9.933838221163e-06  ,-1.747693784592e+00  ,-1.691792413663e+00  
  9.957730743021e-06  ,-1.941304280895e+00  ,-1.830724305583e+00  
  9.978687736124e-06  ,-1.241257809198e+00  ,-1.156524790076e+00  
  9.999650689691e-06  ,-2.194737347710e-02  ,8.128354047516e-03  
  1.002465185794e-05  ,1.398661741660e+00  ,1.366289096661e+00  
  1.004965302619e-05  ,1.999881180197e+00  ,1.900922473734e+00  
  1.006712612781e-05  ,1.717436476453e+00  ,1.610643134689e+00  
  1.008704600009e-05  ,7.916423931114e-01  ,7.292767041994e-01  
  1.011204716834e-05  ,-7.390038508587e-01  ,-7.364410872404e-01  
  1.013580259952e-05  ,-1.804338383569e+00  ,-1.743043883368e+00  
  1.016000208530e-05  ,-1.902072540126e+00  ,-1.790433205163e+00  
  1.018500325355e-05  ,-9.077988493598e-01  ,-8.396470754762e-01  
  1.020792421970e-05  ,4.927665410163e-01  ,5.005736205311e-01  
  1.023292538795e-05  ,1.719092933964e+00  ,1.665150614196e+00  
  1.025694009933e-05  ,1.952651086588e+00  ,1.842728878470e+00  
  1.027754542503e-05  ,1.296724470714e+00  ,1.209353989654e+00  
  1.029822227630e-05  ,1.116396174640e-01  ,7.795769714110e-02  
  1.032322344455e-05  ,-1.333122192966e+00  ,-1.304294991267e+00  
  1.034822461280e-05  ,-1.996889907378e+00  ,-1.900932853718e+00  
  1.036567387256e-05  ,-1.762392907049e+00  ,-1.654180776548e+00  
  1.038606760177e-05  ,-8.477133724190e-01  ,-7.827061407829e-01  
  1.041106877002e-05  ,6.815397529729e-01  ,6.814882107942e-01  
  1.043537554416e-05  ,1.792601199536e+00  ,1.732566833236e+00  
  1.045942601833e-05  ,1.912947683940e+00  ,1.801468659227e+00  
  1.048175093803e-05  ,1.084833559383e+00  ,1.007732723350e+00  
  1.050398645076e-05  ,-2.498218336296e-01  ,-2.677045901020e-01  
  1.052898761901e-05  ,-1.579833112333e+00  ,-1.535855080347e+00  
  1.055387851867e-05  ,-1.985171605562e+00  ,-1.878872983760e+00  
  1.057298776779e-05  ,-1.500730294711e+00  ,-1.403502956922e+00  
  1.059259471568e-05  ,-4.611019384044e-01  ,-4.130317031008e-01  
  1.061759588394e-05  ,1.050129166994e+00  ,1.033280043423e+00  
  1.064259705219e-05  ,1.946154341680e+00  ,1.863801474129e+00  
  1.066556868228e-05  ,1.765507826401e+00  ,1.656079147918e+00  
  1.068657633933e-05  ,8.186547705488e-01  ,7.544865955678e-01  
  1.071157750759e-05  ,-7.115031484524e-01  ,-7.101533071559e-01  
  1.073657867584e-05  ,-1.824835242206e+00  ,-1.758097882952e+00  
  1.076042351398e-05  ,-1.893721922494e+00  ,-1.782234332827e+00  
  1.078495380554e-05  ,-9.105661743971e-01  ,-8.422845116549e-01  
  1.080995497379e-05  ,6.153427559844e-01  ,6.181453558621e-01  
  1.083495614204e-05  ,1.780760306066e+00  ,1.721978522053e+00  
  1.085883674297e-05  ,1.923423916787e+00  ,1.812182512985e+00  
  1.088058051738e-05  ,1.145867763857e+00  ,1.065787688573e+00  
  1.090225574645e-05  ,-1.416141282726e-01  ,-1.639316496969e-01  
  1.092725691471e-05  ,-1.510848336531e+00  ,-1.471258432952e+00  
  1.095225808296e-05  ,-1.994969659388e+00  ,-1.891226278669e+00  
  1.097073254260e-05  ,-1.590553925689e+00  ,-1.489170469095e+00  
  1.098999974403e-05  ,-6.180492847644e-01  ,-5.632609454619e-01  
  1.101500091228e-05  ,9.080320717562e-01  ,8.978792962136e-01  
  1.104000208053e-05  ,1.902153424327e+00  ,1.826435091763e+00  
  1.106339988384e-05  ,1.825386157429e+00  ,1.714398700869e+00  
  1.108567115936e-05  ,8.702080444458e-01  ,8.036794306204e-01  
  1.111067232761e-05  ,-6.580691858761e-01  ,-6.590409012069e-01  
  1.113567349586e-05  ,-1.800824255025e+00  ,-1.736483966435e+00  
  1.115969714794e-05  ,-1.907907060774e+00  ,-1.796603191108e+00  
  1.118469831619e-05  ,-9.248293098429e-01  ,-8.558370154107e-01  
  1.120935377750e-05  ,5.792931943123e-01  ,5.836096606423e-01  
  1.123435494575e-05  ,1.763248197222e+00  ,1.705940367495e+00  
  1.125830409202e-05  ,1.932326361948e+00  ,1.821375800664e+00  
  1.127968725833e-05  ,1.191410805163e+00  ,1.109138712023e+00  
  1.130103466186e-05  ,-6.499827468426e-02  ,-9.158146414286e-02  
  1.132603583011e-05  ,-1.459477432762e+00  ,-1.423675512797e+00  
  1.135103699836e-05  ,-1.998938750560e+00  ,-1.897283103544e+00  
  1.136888858947e-05  ,-1.658085665101e+00  ,-1.553583890093e+00  
  1.138826307926e-05  ,-7.208551550354e-01  ,-6.614940513500e-01  
  1.141326424751e-05  ,8.095058638453e-01  ,8.054134085595e-01  
  1.143679616126e-05  ,1.830385152961e+00  ,1.767699813076e+00  
  1.146179732952e-05  ,1.864203005085e+00  ,1.752344634255e+00  
  1.148679849777e-05  ,8.058992584304e-01  ,7.425353737848e-01  
  1.151091751727e-05  ,-6.725974168764e-01  ,-6.728403330514e-01  
  1.153591868553e-05  ,-1.807472836930e+00  ,-1.746080109675e+00  
  1.155937609348e-05  ,-1.913860726271e+00  ,-1.802412911286e+00  
  1.158159372482e-05  ,-1.093118893935e+00  ,-1.015583569682e+00  
  1.160371896896e-05  ,2.331384603201e-01  ,2.517039919702e-01  
  1.162872013721e-05  ,1.569471543385e+00  ,1.526178697997e+00  
  1.165365574035e-05  ,1.986824320884e+00  ,1.880854593522e+00  
  1.167267856273e-05  ,1.513501605217e+00  ,1.415671501832e+00  
  1.169223484668e-05  ,4.830740969711e-01  ,4.340744988794e-01  
  1.171723601493e-05  ,-1.030818892742e+00  ,-1.014897140422e+00  
  1.174223718318e-05  ,-1.940818650804e+00  ,-1.859372923285e+00  
  1.176525947723e-05  ,-1.774552318218e+00  ,-1.668319066307e+00  
  1.178604957733e-05  ,-8.487389832347e-01  ,-7.836933843887e-01  
  1.181105074558e-05  ,6.804749188832e-01  ,6.804650312135e-01  
  1.183605191383e-05  ,1.811040522338e+00  ,1.749508321348e+00  
  1.185935434970e-05  ,1.914256912025e+00  ,1.802812719769e+00  
  1.188144979152e-05  ,1.100680983539e+00  ,1.022739349181e+00  
  1.190344986591e-05  ,-2.163373564269e-01  ,-2.355889667445e-01  
  1.192845103416e-05  ,-1.558935337975e+00  ,-1.516312680619e+00  
  1.195342240009e-05  ,-1.988451039713e+00  ,-1.882835496543e+00  
  1.197235581550e-05  ,-1.526679905245e+00  ,-1.428235421300e+00  
  1.199186143550e-05  ,-5.058077759219e-01  ,-4.558442420897e-01  
  1.201686260375e-05  ,1.010642704287e+00  ,9.975740892801e-01  
  1.204186377200e-05  ,1.935019937650e+00  ,1.854311002956e+00  
  1.206180748615e-05  ,1.863971770453e+00  ,1.754798771819e+00  
  1.208388206634e-05  ,9.699941444505e-01  ,8.990466181343e-01  
  1.210888323459e-05  ,-5.509331954418e-01  ,-5.565066380189e-01  
  1.213388440284e-05  ,-1.749102745230e+00  ,-1.693084537739e+00  
  1.215778288516e-05  ,-1.940513793252e+00  ,-1.829896705474e+00  
  1.217877564105e-05  ,-1.236922292609e+00  ,-1.152402142817e+00  
  1.219976839694e-05  ,-1.455192079626e-02  ,1.522702936790e-02  
  1.222476956519e-05  ,1.403938645412e+00  ,1.371274279816e+00  
  1.224977073345e-05  ,1.999948122472e+00  ,1.900751422646e+00  
  1.226727363738e-05  ,1.712668530135e+00  ,1.606046147381e+00  
  1.228714284572e-05  ,7.860507232648e-01  ,7.237768112597e-01  
  1.231214401397e-05  ,-7.446547769669e-01  ,-7.418455864321e-01  
  1.233578023586e-05  ,-1.803731781201e+00  ,-1.742437765056e+00  
  1.235991415653e-05  ,-1.903772859888e+00  ,-1.792160072879e+00  
  1.238491532478e-05  ,-9.127182043016e-01  ,-8.443326647134e-01  
  1.240778562698e-05  ,4.843223067150e-01  ,4.924805093831e-01  
  1.243278679523e-05  ,1.714626344507e+00  ,1.661031332298e+00  
  1.245683130893e-05  ,1.954118241732e+00  ,1.844293522028e+00  
  1.247737702999e-05  ,1.304761615837e+00  ,1.216999697403e+00  
  1.249800321731e-05  ,1.253792877792e-01  ,9.114592557668e-02  
  1.252300438556e-05  ,-1.322830413383e+00  ,-1.294545083234e+00  
  1.254800555381e-05  ,-1.996075337621e+00  ,-1.900596417428e+00  
  1.256551441821e-05  ,-1.767107170419e+00  ,-1.658777673202e+00  
  1.258595285091e-05  ,-8.542381662763e-01  ,-7.889227943427e-01  
  1.261095401916e-05  ,6.747568722549e-01  ,6.749999963088e-01  
  1.263534125957e-05  ,1.791644902182e+00  ,1.731723361857e+00  
  1.265936789188e-05  ,1.914010269665e+00  ,1.802550935550e+00  
  1.268162724647e-05  ,1.091354490397e+00  ,1.013935613810e+00  
  1.270380017433e-05  ,-2.382051954380e-01  ,-2.565640449570e-01  
  1.272880134258e-05  ,-1.572628983403e+00  ,-1.529125995744e+00  
  1.275374290618e-05  ,-1.986189253082e+00  ,-1.880092016530e+00  
  1.277280447158e-05  ,-1.508318273701e+00  ,-1.410737090576e+00  
  1.279238459739e-05  ,-4.739382590200e-01  ,-4.253266042780e-01  
  1.281738576564e-05  ,1.038870540277e+00  ,1.022562971440e+00  
  1.284238693389e-05  ,1.943069144077e+00  ,1.861245352509e+00  
  1.286538836631e-05  ,1.770802514119e+00  ,1.664651762730e+00  
  1.288611588153e-05  ,8.449648623563e-01  ,7.801024276065e-01  
  1.291111704978e-05  ,-6.843909095741e-01  ,-6.842107886993e-01  
  1.293611821803e-05  ,-1.812804245345e+00  ,-1.751104149059e+00  
  1.295941767368e-05  ,-1.913100621293e+00  ,-1.801633718395e+00  
  1.298156377944e-05  ,-1.094694035808e+00  ,-1.017039558132e+00  
  1.300361451778e-05  ,2.266190975190e-01  ,2.454490815211e-01  
  1.302861568603e-05  ,1.565395239734e+00  ,1.522355721606e+00  
  1.305353936824e-05  ,1.987648954015e+00  ,1.881852839386e+00  
  1.307251450691e-05  ,1.520219804107e+00  ,1.422072829782e+00  
  1.309204098853e-05  ,4.948848875351e-01  ,4.453841445773e-01  
  1.311704215679e-05  ,-1.020361861952e+00  ,-1.004939418984e+00  
  1.314204332504e-05  ,-1.937841509376e+00  ,-1.856886423410e+00  
  1.316509542140e-05  ,-1.779283143732e+00  ,-1.672950683647e+00  
  1.318596598777e-05  ,-8.534917584810e-01  ,-7.882150673264e-01  
  1.321096715602e-05  ,6.755338335269e-01  ,6.757385565304e-01  
  1.323596832427e-05  ,1.808805804127e+00  ,1.747485354535e+00  
  1.325927374038e-05  ,1.915717871069e+00  ,1.804303870570e+00  
  1.328130659732e-05  ,1.108181909910e+00  ,1.029880020269e+00  
  1.330324706706e-05  ,-2.036655886411e-01  ,-2.234369747437e-01  
  1.332824823532e-05  ,-1.550921480561e+00  ,-1.508812688756e+00  
  1.335324940357e-05  ,-1.989588102797e+00  ,-1.884240081147e+00  
  1.337211427364e-05  ,-1.536439845070e+00  ,-1.437541331600e+00  
  1.339158413085e-05  ,-5.226455180435e-01  ,-4.719650858294e-01  
  1.341658529910e-05  ,9.955692046735e-01  ,9.831880431425e-01  
  1.344158646736e-05  ,1.930541314576e+00  ,1.850542522924e+00  
  1.346167919311e-05  ,1.866878651485e+00  ,1.757755127614e+00  
  1.348384020004e-05  ,9.722937511974e-01  ,9.012247369143e-01  
  1.350884136829e-05  ,-5.484039560644e-01  ,-5.540851566644e-01  
  1.353384253654e-05  ,-1.747825598627e+00  ,-1.691913256160e+00  
  1.355773505840e-05  ,-1.941239056427e+00  ,-1.830655997653e+00  
  1.357869503173e-05  ,-1.240898345788e+00  ,-1.156182952828e+00  
  1.359966096553e-05  ,-2.130176110161e-02  ,8.748078954090e-03  
  1.362466213378e-05  ,1.399123178253e+00  ,1.366725162087e+00  
  1.364966330203e-05  ,1.999888113760e+00  ,1.900908558913e+00  
  1.366713938388e-05  ,1.717009507707e+00  ,1.610231396653e+00  
  1.368705329570e-05  ,7.912214140675e-01  ,7.288756232964e-01  
  1.371205446395e-05  ,-7.394297873057e-01  ,-7.368483160458e-01  
  1.373580393466e-05  ,-1.804374570467e+00  ,-1.743074853935e+00  
  1.376000342044e-05  ,-1.902046609921e+00  ,-1.790407106566e+00  
  1.378500458869e-05  ,-9.077240985083e-01  ,-8.395758522815e-01  
  1.380792853507e-05  ,4.930293209076e-01  ,5.008255888452e-01  
  1.383292970333e-05  ,1.719231487903e+00  ,1.665278574722e+00  
  1.385694441471e-05  ,1.952592418673e+00  ,1.842666401573e+00  
  1.387755272064e-05  ,1.296375444654e+00  ,1.209022064965e+00  
  1.389823255214e-05  ,1.109949681978e-01  ,7.733906301818e-02  
  1.392323372039e-05  ,-1.333603423633e+00  ,-1.304750838164e+00  
  1.394823488864e-05  ,-1.996925796070e+00  ,-1.900946416281e+00  
  1.396568116817e-05  ,-1.762176153644e+00  ,-1.653969449514e+00  
  1.398607191715e-05  ,-8.474677823954e-01  ,-7.824722174353e-01  
  1.401107308540e-05  ,6.817946610021e-01  ,6.817320443654e-01  
  1.403537687930e-05  ,1.792638398539e+00  ,1.732599701845e+00  
  1.405942735347e-05  ,1.912923201762e+00  ,1.801443768147e+00  
  1.408175227317e-05  ,1.084763081995e+00  ,1.007665767961e+00  
  1.410399076614e-05  ,-2.500908508209e-01  ,-2.679626979702e-01  
  1.412899193439e-05  ,-1.579999366647e+00  ,-1.536010677171e+00  
  1.415388283405e-05  ,-1.985138630967e+00  ,-1.878833750952e+00  
  1.417299506339e-05  ,-1.500427244340e+00  ,-1.403214395790e+00  
  1.419260201129e-05  ,-4.606558787817e-01  ,-4.126045290614e-01  
  1.421760317954e-05  ,1.050519263516e+00  ,1.033651342339e+00  
  1.424260434780e-05  ,1.946259941601e+00  ,1.863888731433e+00  
  1.426557299766e-05  ,1.765380417489e+00  ,1.655955718673e+00  
  1.428657767448e-05  ,8.185782300209e-01  ,7.544135630285e-01  
  1.431157884273e-05  ,-7.115815493939e-01  ,-7.102282151812e-01  
  1.433658001098e-05  ,-1.824869573283e+00  ,-1.758128689421e+00  
  1.436042186889e-05  ,-1.893755166268e+00  ,-1.782267477894e+00  
  1.438495514068e-05  ,-9.104914827852e-01  ,-8.422131863903e-01  
  1.440995630893e-05  ,6.154225757615e-01  ,6.182217525739e-01  
  1.443495747718e-05  ,1.780798492522e+00  ,1.722013268367e+00  
  1.445883807811e-05  ,1.923400924130e+00  ,1.812158877470e+00  
  1.448058185253e-05  ,1.145799006818e+00  ,1.065722247070e+00  
  1.450226006183e-05  ,-1.418845895003e-01  ,-1.641911423104e-01  
  1.452726123008e-05  ,-1.511025985384e+00  ,-1.471425391406e+00  
  1.455226239833e-05  ,-1.994950422356e+00  ,-1.891199708712e+00  
  1.457073685798e-05  ,-1.590389531582e+00  ,-1.489013227828e+00  
  1.459000405940e-05  ,-6.177914073557e-01  ,-5.630142217259e-01  
  1.461500522766e-05  ,9.082736501458e-01  ,8.981097697612e-01  
  1.464000639591e-05  ,1.902237177814e+00  ,1.826507654643e+00  
  1.466340419921e-05  ,1.825275339184e+00  ,1.714290057079e+00  
  1.468567547473e-05  ,8.699639045813e-01  ,8.034464466414e-01  
  1.471067664298e-05  ,-6.583252250933e-01  ,-6.592858399898e-01  
  1.473567781124e-05  ,-1.800942196004e+00  ,-1.736590470925e+00  
  1.475970146331e-05  ,-1.907825712669e+00  ,-1.796520537445e+00  
  1.478470263156e-05  ,-9.245888885824e-01  ,-8.556080503990e-01  
  1.480936107311e-05  ,5.797319259146e-01  ,5.840300085816e-01  
  1.483436224136e-05  ,1.763464492227e+00  ,1.706138571322e+00  
  1.485830840740e-05  ,1.932256407820e+00  ,1.821303268751e+00  
  1.487969455394e-05  ,1.191042588340e+00  ,1.108787899782e+00  
  1.490104195747e-05  ,-6.545642743626e-02  ,-9.202132216546e-02  
  1.492604312572e-05  ,-1.459790812156e+00  ,-1.423970639780e+00  
  1.495104429397e-05  ,-1.998923766932e+00  ,-1.897254540394e+00  
  1.496889588508e-05  ,-1.657829292998e+00  ,-1.553337869870e+00  
  1.498826739463e-05  ,-7.206022296070e-01  ,-6.612523351010e-01  
  1.501326856288e-05  ,8.097537967203e-01  ,8.056504191388e-01  
  1.503679749641e-05  ,1.830418960260e+00  ,1.767729395480e+00  
  1.506179866466e-05  ,1.864172618878e+00  ,1.752314538542e+00  
  1.508679983291e-05  ,8.058224801222e-01  ,7.424621444397e-01  
  1.511091885242e-05  ,-6.726764197440e-01  ,-6.729159007306e-01  
  1.513592002067e-05  ,-1.807508747574e+00  ,-1.746112612811e+00  
  1.515937742862e-05  ,-1.913836369971e+00  ,-1.802388069391e+00  
  1.518159804019e-05  ,-1.092891823160e+00  ,-1.015367401628e+00  
  1.520372328433e-05  ,2.334077527682e-01  ,2.519621408888e-01  
  1.522872445259e-05  ,1.569639591702e+00  ,1.526335631135e+00  
  1.525365707549e-05  ,1.986814705713e+00  ,1.880842770971e+00  
  1.527267989787e-05  ,1.513446764978e+00  ,1.415618849424e+00  
  1.529223618183e-05  ,4.829926908058e-01  ,4.339964361843e-01  
  1.531723735008e-05  ,-1.030890780508e+00  ,-1.014965587258e+00  
  1.534223851833e-05  ,-1.940838905562e+00  ,-1.859389802984e+00  
  1.536526081237e-05  ,-1.774513623549e+00  ,-1.668281283030e+00  
  1.538605091247e-05  ,-8.486630213898e-01  ,-7.836209827703e-01  
  1.541105208072e-05  ,6.805538029712e-01  ,6.805404777709e-01  
  1.543605324897e-05  ,1.811076115346e+00  ,1.749540515014e+00  
  1.545935568485e-05  ,1.914232610567e+00  ,1.802787928770e+00  
  1.548145410690e-05  ,1.100454585125e+00  ,1.022523841087e+00  
  1.550345716152e-05  ,-2.167930577282e-01  ,-2.360260337837e-01  
  1.552845832977e-05  ,-1.559222456121e+00  ,-1.516581439646e+00  
  1.555342969570e-05  ,-1.988401796562e+00  ,-1.882775173768e+00  
  1.557236609134e-05  ,-1.526262737664e+00  ,-1.427837872167e+00  
  1.559187469158e-05  ,-5.050019049759e-01  ,-4.550726494235e-01  
  1.561687585983e-05  ,1.011361355194e+00  ,9.982599435284e-01  
  1.564187702808e-05  ,1.935230355262e+00  ,1.854487535251e+00  
  1.566181180152e-05  ,1.863873465427e+00  ,1.754697564805e+00  
  1.568388340148e-05  ,9.699207808398e-01  ,8.989778813407e-01  
  1.570888456973e-05  ,-5.510138388991e-01  ,-5.565838583119e-01  
  1.573388573799e-05  ,-1.749143424505e+00  ,-1.693121873144e+00  
  1.575778720054e-05  ,-1.940448137757e+00  ,-1.829827978434e+00  
  1.577878293666e-05  ,-1.236562045022e+00  ,-1.152059758191e+00  
  1.579977867278e-05  ,-1.390628702160e-02  ,1.584671210112e-02  
  1.582477984104e-05  ,1.404398408898e+00  ,1.371708608388e+00  
  1.584978100929e-05  ,1.999952668591e+00  ,1.900735260520e+00  
  1.586728391323e-05  ,1.712335013006e+00  ,1.605724279147e+00  
  1.588715014133e-05  ,7.856291942787e-01  ,7.233740836677e-01  
  1.591215130958e-05  ,-7.450801959603e-01  ,-7.422522426301e-01  
  1.593578157100e-05  ,-1.803768021262e+00  ,-1.742468611269e+00  
  1.595991549167e-05  ,-1.903747150168e+00  ,-1.792134180947e+00  
  1.598491665992e-05  ,-9.126435589161e-01  ,-8.442615433280e-01  
  1.600778994235e-05  ,4.845853750614e-01  ,4.927327621341e-01  
  1.603279111061e-05  ,1.714765911917e+00  ,1.661160301047e+00  
  1.605683264408e-05  ,1.954100374197e+00  ,1.844274361024e+00  
  1.607737836513e-05  ,1.304698035506e+00  ,1.216938873492e+00  
  1.609800455245e-05  ,1.252955630986e-01  ,9.106549847975e-02  
  1.612300572070e-05  ,-1.322893331074e+00  ,-1.294604691056e+00  
  1.614800688896e-05  ,-1.996080588727e+00  ,-1.900598742441e+00  
  1.616551575336e-05  ,-1.767067880853e+00  ,-1.658739454682e+00  
  1.618595418605e-05  ,-8.541623129585e-01  ,-7.888504983956e-01  
  1.621095535430e-05  ,6.748358427154e-01  ,6.750755352287e-01  
  1.623534259471e-05  ,1.791682182150e+00  ,1.731757232239e+00  
  1.625936922702e-05  ,1.913985934050e+00  ,1.802526104003e+00  
  1.628163156185e-05  ,1.091127263698e+00  ,1.013719286012e+00  
  1.630380746993e-05  ,-2.386603228916e-01  ,-2.570005603069e-01  
  1.632880863819e-05  ,-1.572912151639e+00  ,-1.529390803030e+00  
  1.635374722156e-05  ,-1.986157425385e+00  ,-1.880053597437e+00  
  1.637280878696e-05  ,-1.508140202422e+00  ,-1.410566891956e+00  
  1.639239189300e-05  ,-4.734929064001e-01  ,-4.248999060472e-01  
  1.641739306125e-05  ,1.039262217377e+00  ,1.022935820403e+00  
  1.644239422950e-05  ,1.943177686194e+00  ,1.861335503919e+00  
  1.646539268169e-05  ,1.770676463079e+00  ,1.664527777974e+00  
  1.648611721668e-05  ,8.448888265260e-01  ,7.800302401076e-01  
  1.651111838493e-05  ,-6.844697340318e-01  ,-6.842861964942e-01  
  1.653611955318e-05  ,-1.812839680041e+00  ,-1.751136225250e+00  
  1.655941900882e-05  ,-1.913076160151e+00  ,-1.801608783576e+00  
  1.658156809482e-05  ,-1.094467104537e+00  ,-1.016823523478e+00  
  1.660361883315e-05  ,2.268884922908e-01  ,2.457073301485e-01  
  1.662862000141e-05  ,1.565563985389e+00  ,1.522513349844e+00  
  1.665354070339e-05  ,1.987639643582e+00  ,1.881841293449e+00  
  1.667251584205e-05  ,1.520165291783e+00  ,1.422020477473e+00  
  1.669204232368e-05  ,4.948036062734e-01  ,4.453062069245e-01  
  1.671704349193e-05  ,-1.020434011718e+00  ,-1.005008129293e+00  
  1.674204466018e-05  ,-1.937862259546e+00  ,-1.856903789268e+00  
  1.676509675655e-05  ,-1.779244833198e+00  ,-1.672913242251e+00  
  1.678596732292e-05  ,-8.534158903837e-01  ,-7.881427590100e-01  
  1.681096849117e-05  ,6.756127922984e-01  ,6.758140773381e-01  
  1.683596965942e-05  ,1.808841596497e+00  ,1.747517746096e+00  
  1.685927507553e-05  ,1.915693773024e+00  ,1.804279259936e+00  
  1.688130793247e-05  ,1.108112074545e+00  ,1.029813535994e+00  
  1.690324840221e-05  ,-2.037490419384e-01  ,-2.235169775955e-01  
  1.692824957046e-05  ,-1.550974446720e+00  ,-1.508862213541e+00  
  1.695325073871e-05  ,-1.989579552212e+00  ,-1.884229475859e+00  
  1.697211560878e-05  ,-1.536386138785e+00  ,-1.437490105740e+00  
  1.699158844623e-05  ,-5.223837919747e-01  ,-4.717144708954e-01  
  1.701658961448e-05  ,9.958043581114e-01  ,9.834126392294e-01  
  1.704159078273e-05  ,1.930612133482e+00  ,1.850602264631e+00  
  1.706168052825e-05  ,1.866848555691e+00  ,1.757723967341e+00  
  1.708383855495e-05  ,9.723840772812e-01  ,9.013109850100e-01  
  1.710883972320e-05  ,-5.483045531117e-01  ,-5.539899634525e-01  
  1.713384089145e-05  ,-1.747775352867e+00  ,-1.691867229624e+00  
  1.715773341331e-05  ,-1.941263925211e+00  ,-1.830682038092e+00  
  1.717869338664e-05  ,-1.240979406956e+00  ,-1.156260061627e+00  
  1.719965634021e-05  ,-2.159236184608e-02  ,8.469062308088e-03  
  1.722465750846e-05  ,1.398915496298e+00  ,1.366528746393e+00  
  1.724965867671e-05  ,1.999885018645e+00  ,1.900914865610e+00  
  1.726713177833e-05  ,1.717254513603e+00  ,1.610467457337e+00  
  1.728704867038e-05  ,7.914883141015e-01  ,7.291299518826e-01  
  1.731204983863e-05  ,-7.391597536720e-01  ,-7.365901483224e-01  
  1.733580228958e-05  ,-1.804329982587e+00  ,-1.743035370478e+00  
  1.736000177535e-05  ,-1.902078559159e+00  ,-1.790439371476e+00  
  1.738500294361e-05  ,-9.078162020056e-01  ,-8.396635989776e-01  
  1.740792390975e-05  ,4.927476669756e-01  ,5.005555401640e-01  
  1.743292507800e-05  ,1.719082981360e+00  ,1.665141454992e+00  
  1.745693978938e-05  ,1.952655298924e+00  ,1.842733361715e+00  
  1.747754511508e-05  ,1.296739297109e+00  ,1.209368092935e+00  
  1.749822196636e-05  ,1.116590614593e-01  ,7.797635084081e-02  
  1.752322313461e-05  ,-1.333107675730e+00  ,-1.304281249290e+00  
  1.754822430286e-05  ,-1.996888821655e+00  ,-1.900932440388e+00  
  1.756567356262e-05  ,-1.762402113476e+00  ,-1.654189722387e+00  
  1.758606729183e-05  ,-8.477310108803e-01  ,-7.827229531151e-01  
  1.761106846008e-05  ,6.815214441808e-01  ,6.814706985311e-01  
  1.763537523422e-05  ,1.792592563602e+00  ,1.732558988883e+00  
  1.765942570838e-05  ,1.912953366821e+00  ,1.801474453511e+00  
  1.768175062808e-05  ,1.084849919931e+00  ,1.007748304980e+00  
  1.770398614082e-05  ,-2.498025117775e-01  ,-2.676860677948e-01  
  1.772898730907e-05  ,-1.579821170298e+00  ,-1.535843935326e+00  
  1.775387820873e-05  ,-1.985173972499e+00  ,-1.878875796426e+00  
  1.777298745784e-05  ,-1.500743167653e+00  ,-1.403515223553e+00  
  1.779259440574e-05  ,-4.611208881124e-01  ,-4.130498513409e-01  
  1.781759557399e-05  ,1.050112593046e+00  ,1.033264267419e+00  
  1.784259674224e-05  ,1.946149853145e+00  ,1.863797765006e+00  
  1.786556837234e-05  ,1.765516976068e+00  ,1.656088002568e+00  
  1.788657602939e-05  ,8.186725386783e-01  ,7.545035550245e-01  
  1.791157719764e-05  ,-7.114849480562e-01  ,-7.101359069454e-01  
  1.793657836589e-05  ,-1.824827272033e+00  ,-1.758090731790e+00  
  1.796042320403e-05  ,-1.893728186201e+00  ,-1.782240641367e+00  
  1.798495349559e-05  ,-9.105835132910e-01  ,-8.423010266629e-01  
  1.800995466384e-05  ,6.153242262395e-01  ,6.181276204246e-01  
  1.803495583209e-05  ,1.780751440905e+00  ,1.721970415573e+00  
  1.805883643302e-05  ,1.923429253883e+00  ,1.812188001497e+00  
  1.808058020744e-05  ,1.145883725023e+00  ,1.065802885885e+00  
  1.810225543651e-05  ,-1.415947027809e-01  ,-1.639130272100e-01  
  1.812725660476e-05  ,-1.510835576153e+00  ,-1.471246472737e+00  
  1.815225777301e-05  ,-1.994971039642e+00  ,-1.891228181643e+00  
  1.817073223266e-05  ,-1.590565731875e+00  ,-1.489181752908e+00  
  1.818999943408e-05  ,-6.180678059088e-01  ,-5.632786627818e-01  
  1.821500060233e-05  ,9.080147201799e-01  ,8.978627421116e-01  
  1.824000177059e-05  ,1.902147407537e+00  ,1.826429878749e+00  
  1.826339957389e-05  ,1.825394115459e+00  ,1.714406502862e+00  
  1.828567382964e-05  ,8.700569763618e-01  ,8.035352507259e-01  
  1.831067499790e-05  ,-6.582276204082e-01  ,-6.591924801374e-01  
  1.833567616615e-05  ,-1.800897238981e+00  ,-1.736549872879e+00  
  1.835969981822e-05  ,-1.907856727961e+00  ,-1.796552050268e+00  
  1.838470098647e-05  ,-9.246805428923e-01  ,-8.556953372090e-01  
  1.840935942802e-05  ,5.796329988960e-01  ,5.839352990053e-01  
  1.843436059627e-05  ,1.763415727912e+00  ,1.706094001910e+00  
  1.845830974254e-05  ,1.932234757361e+00  ,1.821280790689e+00  
  1.847969588909e-05  ,1.190975195485e+00  ,1.108723946946e+00  
  1.850104627284e-05  ,-6.572742466502e-02  ,-9.228150756655e-02  
  1.852604744110e-05  ,-1.459976140995e+00  ,-1.424145452720e+00  
  1.855104860935e-05  ,-1.998914854641e+00  ,-1.897237563353e+00  
  1.856890318069e-05  ,-1.657572833809e+00  ,-1.553092182321e+00  
  1.858827171001e-05  ,-7.203492909393e-01  ,-6.610107090521e-01  
  1.861327287826e-05  ,8.100017147072e-01  ,8.058874014255e-01  
  1.863680181178e-05  ,1.830528208251e+00  ,1.767827850069e+00  
  1.866180298004e-05  ,1.864074383888e+00  ,1.752216922998e+00  
  1.868680414829e-05  ,8.055743119758e-01  ,7.422254724322e-01  
  1.871092912826e-05  ,-6.732844200356e-01  ,-6.734981492762e-01  
  1.873593029651e-05  ,-1.807785024842e+00  ,-1.746363801646e+00  
  1.875938770446e-05  ,-1.913648800774e+00  ,-1.802196715763e+00  
  1.878161427650e-05  ,-1.092037305132e+00  ,-1.014553623662e+00  
  1.880374846134e-05  ,2.349787876470e-01  ,2.534688362700e-01  
  1.882874962959e-05  ,1.570619453025e+00  ,1.527241007815e+00  
  1.885367629203e-05  ,1.986675928731e+00  ,1.880676208502e+00  
  1.887270805511e-05  ,1.512289603498e+00  ,1.414519162409e+00  
  1.889227029952e-05  ,4.809121847070e-01  ,4.320048151289e-01  
  1.891727146778e-05  ,-1.032727153946e+00  ,-1.016714081344e+00  
  1.894227263603e-05  ,-1.941355328367e+00  ,-1.859820024662e+00  
  1.896528896961e-05  ,-1.773696853551e+00  ,-1.667481796078e+00  
  1.898606416854e-05  ,-8.479087478269e-01  ,-7.829035670833e-01  
  1.901106533679e-05  ,6.813369442693e-01  ,6.812896016096e-01  
  1.903606650504e-05  ,1.811429330179e+00  ,1.749860189597e+00  
  1.905936894092e-05  ,1.913991149109e+00  ,1.802541616252e+00  
  1.908147630367e-05  ,1.099289752261e+00  ,1.021414910996e+00  
  1.910348829898e-05  ,-2.187378506364e-01  ,-2.378910337237e-01  
  1.912848946723e-05  ,-1.560446947869e+00  ,-1.517727002751e+00  
  1.915344891223e-05  ,-1.988271590840e+00  ,-1.882614812660e+00  
  1.917239126834e-05  ,-1.525239956504e+00  ,-1.426861450378e+00  
  1.919190284881e-05  ,-5.032898635020e-01  ,-4.534330027683e-01  
  1.921690401706e-05  ,1.012887259966e+00  ,9.997160735959e-01  
  1.924190518531e-05  ,1.935676189809e+00  ,1.854861409802e+00  
  1.926182505760e-05  ,1.863571275535e+00  ,1.754390683420e+00  
  1.928388771686e-05  ,9.696836475065e-01  ,8.987499066960e-01  
  1.930888888511e-05  ,-5.512744834351e-01  ,-5.568238685162e-01  
  1.933389005336e-05  ,-1.749274884680e+00  ,-1.693234140159e+00  
  1.935779151592e-05  ,-1.940382446597e+00  ,-1.829759904174e+00  
  1.937879321250e-05  ,-1.236054527299e+00  ,-1.151578987973e+00  
  1.939979490909e-05  ,-1.288615277590e-02  ,1.682556545759e-02  
  1.942479607734e-05  ,1.405124558192e+00  ,1.372394676824e+00  
  1.944979724559e-05  ,1.999959426835e+00  ,1.900709306402e+00  
  1.946730610999e-05  ,1.711613976038e+00  ,1.605029559545e+00  
  1.948716637763e-05  ,7.846909375652e-01  ,7.226510003208e-01  
  1.951216754588e-05  ,-7.460268212398e-01  ,-7.431552050249e-01  
  1.953586337242e-05  ,-1.805982316214e+00  ,-1.744514582745e+00  
  1.956007775936e-05  ,-1.900597574274e+00  ,-1.788942241404e+00  
  1.958507892761e-05  ,-9.035595618887e-01  ,-8.356084767334e-01  
  1.960807737979e-05  ,5.020874698011e-01  ,5.095084279462e-01  
  1.963307854804e-05  ,1.723991091958e+00  ,1.669668453696e+00  
  1.965706643733e-05  ,1.950918660134e+00  ,1.840886184535e+00  
  1.967774626884e-05  ,1.287091177282e+00  ,1.200190093472e+00  
  1.969848272476e-05  ,9.529711811451e-02  ,6.227428037498e-02  
  1.972348389301e-05  ,-1.345276324230e+00  ,-1.315804406149e+00  
  1.974848506126e-05  ,-1.997735314441e+00  ,-1.901215590453e+00  
  1.976586875591e-05  ,-1.756571141221e+00  ,-1.648511176145e+00  
  1.978620586070e-05  ,-8.398372715145e-01  ,-7.752016907827e-01  
  1.981120702896e-05  ,6.897004141031e-01  ,6.892938854365e-01  
  1.983542141590e-05  ,1.793877443297e+00  ,1.733697050725e+00  
  1.985949871215e-05  ,1.911609821146e+00  ,1.800107063705e+00  
  1.988190111789e-05  ,1.076894174628e+00  ,1.000182078067e+00  
  1.990421411666e-05  ,-2.640079584354e-01  ,-2.813091870609e-01  
  1.992921528491e-05  ,-1.588564457962e+00  ,-1.544012606096e+00  
  1.995404657993e-05  ,-1.983860465079e+00  ,-1.877316597384e+00  
  1.997322139415e-05  ,-1.490986678026e+00  ,-1.394216134031e+00  
  1.999286410484e-05  ,-4.446153905508e-01  ,-3.972387654286e-01  
  2.000000000000e-05  ,7.857546894914e-15  ,2.790748727289e-02  
